"login ",text,answer,email,email2,isSolved
st,ycM pWkScCVaVBkuyZiNMsIMOecW,ibhBTknOaqBNqMBjJVLICydinuOq vkJnifmV,.@yopmail.com,undefined.undefined@gmail.com,false
tt,nwMdYhozQvGszixaCsrEUbsFzbPEreBXHREYvdSMffOZlGzTKHt WzQllGHssHDetadljchsMXBloRXNkjcS RKtxmWMZIJXugZfNHKknWawBJQjYrfDMXnfmnYgySjKbNIlRdJnCU,brlxrUAd qmqIynJUyoiqTNh,.@yopmail.com,undefined.undefined@gmail.com,true
es,KeogkeMCezXlL lZHiidyWlKiaPLeNxzWWWMGjmuVUm,tGHdOSmEsjnzFwMGDZdthrJZCEKgZUHuTHBUL,.@yopmail.com,undefined.undefined@gmail.com,false
2t,WejZkwqltbImQkjqnacFAChlcpSnznLoqR ebJMIeMAhfbNVtncWNLRexZcpUiJGLfedSoloInAItaBZbxmQf,OInRxSaYSJFOcuLgzGdxEXc,.@yopmail.com,undefined.undefined@gmail.com,true
ee,BozeizkJeypkVijOsLTJsjfoSrJDjruqRlNblgdJoFVEkphvyuGYRQwPpsrRIwyfNixlMktjCHMhoQxrYRNcpOjPfYYEZlIFZFgqjGMVhBFMFyNExg  xnskewQZvMxSApaorggZgIqlQczIXNvEdPCX,qFavLbHIaahRVDYIbDTsccqNmVeAYNQpKFoxZA,.@yopmail.com,undefined.undefined@gmail.com,true
r2,uGHluojkeUrfdfTWTuJyPObeb NwY HWKluyuS uOEfLVfXvIGWedNxulMITbIVuwtyuEyOXqkOnM GiR,"FCDwWKuqkQNYKdZqJahqYCRB ",.@yopmail.com,undefined.undefined@gmail.com,false
re,ehvxGTRWhSukioTJStnzZGXYG k  YXdtDXNXQYaTogaykzEdJRCcZyGjtdFYzRvwzAnISdODDHMmXun,sSupwZaebcZnRBfVErkUWsjQsUodKJrA,.@yopmail.com,undefined.undefined@gmail.com,true
e2,zWKm imTmklOUuxwJlSTLAXWMDCeFauVzLpdkLVmYetFHQZCvnZIyZuAaJvuJCvZnjLSbIJYGpxPufmeXdQdOajCqZLTkQKk,gmjrmNFXUUxKGIEPapaFqd,.@yopmail.com,undefined.undefined@gmail.com,true
et,PgcfKoBpzFiTMbSNtolOKkFJabTuKxFRbsU,KlpnGXFMNnsHXavvbAHQIpGjlrAAgDKrZtJmqUeWSVa,.@yopmail.com,undefined.undefined@gmail.com,false
t2,EMxdAZuHJiXCjRYYumy UxsnANGXbTAZKJuNUwBrNqbfRLzdFGJooFyKfraEZKUfmoPcVwggMuN unCEdvJqtydQQcTAmFuYYIuuYeovpQyxiRCLrVmgtmmBPngoYObqKTKwKtxhemxvUICCTiPnXVuVraQhUaWnjxfXUyp,KdVpKKivBhhckxiQGWwIlrzNyvqIkhimXLlqkpdqhSPJUGfa,.@yopmail.com,undefined.undefined@gmail.com,true